cand	ch	N	ns_per_frame	ns_per_frame_ch	pct_core_48k	allocs
ih_t64_h32	2	64	35.3	17.64	0.169	0
ih_t64_h32	2	256	35.2	17.61	0.169	0
ih_t64_h32	2	1024	34.8	17.39	0.167	0
ih_t64_h32	8	64	23.8	2.97	0.114	0
ih_t64_h32	8	256	21.8	2.72	0.105	0
ih_t64_h32	8	1024	21.6	2.70	0.104	0
ih_t64_h32	16	64	38.8	2.42	0.186	0
ih_t64_h32	16	256	38.1	2.38	0.183	0
ih_t64_h32	16	1024	38.1	2.38	0.183	0
ih_t64_h32	24	64	52.9	2.20	0.254	0
ih_t64_h32	24	256	53.7	2.24	0.258	0
ih_t64_h32	24	1024	53.5	2.23	0.257	0
ih_t96_h32	2	64	57.5	28.76	0.276	0
ih_t96_h32	2	256	56.6	28.31	0.272	0
ih_t96_h32	2	1024	56.4	28.22	0.271	0
ih_t96_h32	8	64	33.9	4.23	0.163	0
ih_t96_h32	8	256	33.8	4.23	0.162	0
ih_t96_h32	8	1024	33.6	4.20	0.161	0
ih_t96_h32	16	64	57.0	3.56	0.274	0
ih_t96_h32	16	256	56.2	3.51	0.270	0
ih_t96_h32	16	1024	57.0	3.56	0.273	0
ih_t96_h32	24	64	79.6	3.32	0.382	0
ih_t96_h32	24	256	79.1	3.29	0.380	0
ih_t96_h32	24	1024	77.8	3.24	0.373	0
ih_t48_h32	2	64	27.8	13.91	0.134	0
ih_t48_h32	2	256	26.9	13.46	0.129	0
ih_t48_h32	2	1024	26.7	13.37	0.128	0
ih_t48_h32	8	64	17.9	2.23	0.086	0
ih_t48_h32	8	256	17.3	2.16	0.083	0
ih_t48_h32	8	1024	18.5	2.31	0.089	0
ih_t48_h32	16	64	30.3	1.89	0.145	0
ih_t48_h32	16	256	29.7	1.86	0.143	0
ih_t48_h32	16	1024	29.7	1.86	0.143	0
ih_t48_h32	24	64	41.2	1.72	0.198	0
ih_t48_h32	24	256	41.5	1.73	0.199	0
ih_t48_h32	24	1024	41.3	1.72	0.198	0
ih_t32_h32	2	64	19.8	9.90	0.095	0
ih_t32_h32	2	256	19.2	9.58	0.092	0
ih_t32_h32	2	1024	19.0	9.50	0.091	0
ih_t32_h32	8	64	13.2	1.65	0.063	0
ih_t32_h32	8	256	12.7	1.59	0.061	0
ih_t32_h32	8	1024	13.4	1.68	0.064	0
ih_t32_h32	16	64	21.9	1.37	0.105	0
ih_t32_h32	16	256	21.3	1.33	0.102	0
ih_t32_h32	16	1024	21.3	1.33	0.102	0
ih_t32_h32	24	64	29.5	1.23	0.141	0
ih_t32_h32	24	256	29.0	1.21	0.139	0
ih_t32_h32	24	1024	29.1	1.21	0.140	0
ih_t64_l256	2	64	34.2	17.10	0.164	0
ih_t64_l256	2	256	33.2	16.62	0.160	0
ih_t64_l256	2	1024	33.0	16.52	0.159	0
ih_t64_l256	8	64	22.4	2.80	0.107	0
ih_t64_l256	8	256	21.9	2.74	0.105	0
ih_t64_l256	8	1024	20.6	2.57	0.099	0
ih_t64_l256	16	64	37.0	2.31	0.178	0
ih_t64_l256	16	256	36.3	2.27	0.174	0
ih_t64_l256	16	1024	36.5	2.28	0.175	0
ih_t64_l256	24	64	52.6	2.19	0.252	0
ih_t64_l256	24	256	52.1	2.17	0.250	0
ih_t64_l256	24	1024	51.2	2.13	0.246	0
ih_t64_l1024	2	64	34.2	17.12	0.164	0
ih_t64_l1024	2	256	33.3	16.66	0.160	0
ih_t64_l1024	2	1024	33.1	16.57	0.159	0
ih_t64_l1024	8	64	22.5	2.81	0.108	0
ih_t64_l1024	8	256	22.0	2.74	0.105	0
ih_t64_l1024	8	1024	20.6	2.57	0.099	0
ih_t64_l1024	16	64	37.1	2.32	0.178	0
ih_t64_l1024	16	256	36.4	2.27	0.175	0
ih_t64_l1024	16	1024	36.6	2.29	0.176	0
ih_t64_l1024	24	64	52.6	2.19	0.253	0
ih_t64_l1024	24	256	52.2	2.18	0.251	0
ih_t64_l1024	24	1024	51.2	2.13	0.246	0
rb5_sinc256_lin	2	64	41.5	20.74	0.199	0
rb5_sinc256_lin	2	256	41.1	20.54	0.197	0
rb5_sinc256_lin	2	1024	40.6	20.29	0.195	0
rb5_sinc256_lin	8	64	100.5	12.56	0.482	0
rb5_sinc256_lin	8	256	100.0	12.50	0.480	0
rb5_sinc256_lin	8	1024	98.7	12.34	0.474	0
rb5_sinc256_lin	16	64	178.9	11.18	0.859	0
rb5_sinc256_lin	16	256	178.1	11.13	0.855	0
rb5_sinc256_lin	16	1024	183.6	11.48	0.881	0
rb5_sinc256_lin	24	64	263.7	10.99	1.266	0
rb5_sinc256_lin	24	256	268.7	11.20	1.290	0
rb5_sinc256_lin	24	1024	272.4	11.35	1.308	0
rb5_sinc256_cub	2	64	63.0	31.49	0.302	0
rb5_sinc256_cub	2	256	61.7	30.83	0.296	0
rb5_sinc256_cub	2	1024	61.3	30.63	0.294	0
rb5_sinc256_cub	8	64	118.7	14.84	0.570	0
rb5_sinc256_cub	8	256	117.1	14.63	0.562	0
rb5_sinc256_cub	8	1024	116.4	14.55	0.559	0
rb5_sinc256_cub	16	64	198.6	12.41	0.953	0
rb5_sinc256_cub	16	256	198.4	12.40	0.952	0
rb5_sinc256_cub	16	1024	197.9	12.37	0.950	0
rb5_sinc256_cub	24	64	288.7	12.03	1.386	0
rb5_sinc256_cub	24	256	293.5	12.23	1.409	0
rb5_sinc256_cub	24	1024	295.5	12.31	1.418	0
rb5_sinc64_cub	2	64	34.0	17.00	0.163	0
rb5_sinc64_cub	2	256	33.2	16.61	0.159	0
rb5_sinc64_cub	2	1024	33.0	16.50	0.158	0
rb5_sinc64_cub	8	64	59.0	7.37	0.283	0
rb5_sinc64_cub	8	256	58.3	7.29	0.280	0
rb5_sinc64_cub	8	1024	57.8	7.22	0.277	0
rb5_sinc64_cub	16	64	102.1	6.38	0.490	0
rb5_sinc64_cub	16	256	100.4	6.28	0.482	0
rb5_sinc64_cub	16	1024	100.3	6.27	0.481	0
rb5_sinc64_cub	24	64	137.8	5.74	0.661	0
rb5_sinc64_cub	24	256	137.2	5.72	0.658	0
rb5_sinc64_cub	24	1024	137.8	5.74	0.661	0
rb5_poly_septic	2	64	15.9	7.95	0.076	0
rb5_poly_septic	2	256	15.0	7.51	0.072	0
rb5_poly_septic	2	1024	14.7	7.35	0.071	0
rb5_poly_septic	8	64	50.1	6.27	0.241	0
rb5_poly_septic	8	256	49.4	6.18	0.237	0
rb5_poly_septic	8	1024	49.1	6.14	0.236	0
rb5_poly_septic	16	64	95.4	5.96	0.458	0
rb5_poly_septic	16	256	95.5	5.97	0.458	0
rb5_poly_septic	16	1024	95.3	5.96	0.458	0
rb5_poly_septic	24	64	140.8	5.87	0.676	0
rb5_poly_septic	24	256	141.1	5.88	0.677	0
rb5_poly_septic	24	1024	142.1	5.92	0.682	0
rb5_poly_cubic	2	64	6.8	3.39	0.032	0
rb5_poly_cubic	2	256	6.0	2.99	0.029	0
rb5_poly_cubic	2	1024	5.8	2.89	0.028	0
rb5_poly_cubic	8	64	18.3	2.29	0.088	0
rb5_poly_cubic	8	256	17.7	2.22	0.085	0
rb5_poly_cubic	8	1024	17.4	2.18	0.084	0
rb5_poly_cubic	16	64	34.4	2.15	0.165	0
rb5_poly_cubic	16	256	34.4	2.15	0.165	0
rb5_poly_cubic	16	1024	34.4	2.15	0.165	0
rb5_poly_cubic	24	64	50.4	2.10	0.242	0
rb5_poly_cubic	24	256	51.0	2.13	0.245	0
rb5_poly_cubic	24	1024	52.1	2.17	0.250	0
rb014_current	2	1024	45.7	22.86	0.219	0
rb014_current	8	1024	164.5	20.56	0.789	0
rb014_current	16	1024	329.7	20.60	1.582	0
rb014_current	24	1024	508.0	21.17	2.439	0
