cand	sched	sig	thdn_db	gain_min_db	gain_max_db	delay_mean	delay_spread	pos_offset	pos_wander	pos_vs_reported
ih_t64_h32	p100	t1k	-139.2	+0.00000	+0.00000	0.00000	0.00e0	-0.00000	2.68e-5	2.43e-5
ih_t64_h32	p100	t10k	-138.6	+0.00000	+0.00000	0.00000	0.00e0	-0.00000	2.68e-5	2.43e-5
ih_t64_h32	p100	t20k	-134.7	+0.00000	+0.00000	0.00000	0.00e0	-0.00000	2.68e-5	2.43e-5
ih_t64_h32	p100	multi	-138.7	-0.00000	+0.00000	0.00000	1.75e-6	-0.00000	2.68e-5	2.43e-5
ih_t64_h32	p100	t22k	-40.1	-0.08524	-0.08524	-0.00000	0.00e0	-0.00000	2.68e-5	2.43e-5
ih_t64_h32	m100	t1k	-139.3	+0.00000	+0.00000	0.00000	0.00e0	0.00000	2.63e-5	2.41e-5
ih_t64_h32	m100	t10k	-138.6	+0.00000	+0.00000	0.00000	0.00e0	0.00000	2.63e-5	2.41e-5
ih_t64_h32	m100	t20k	-134.7	+0.00000	+0.00000	-0.00000	0.00e0	0.00000	2.63e-5	2.41e-5
ih_t64_h32	m100	multi	-138.8	-0.00000	+0.00000	-0.00000	1.59e-6	0.00000	2.63e-5	2.41e-5
ih_t64_h32	m100	t22k	-40.1	-0.08524	-0.08524	0.00000	0.00e0	0.00000	2.63e-5	2.41e-5
ih_t64_h32	p500	t1k	-139.2	+0.00000	+0.00000	0.00000	0.00e0	0.00000	2.61e-5	2.42e-5
ih_t64_h32	p500	t10k	-138.6	+0.00000	+0.00000	0.00000	0.00e0	0.00000	2.61e-5	2.42e-5
ih_t64_h32	p500	t20k	-134.8	+0.00000	+0.00000	-0.00000	0.00e0	0.00000	2.61e-5	2.42e-5
ih_t64_h32	p500	multi	-138.7	-0.00000	+0.00000	-0.00000	1.11e-6	0.00000	2.61e-5	2.42e-5
ih_t64_h32	p500	t22k	-40.1	-0.08534	-0.08534	0.00000	0.00e0	0.00000	2.61e-5	2.42e-5
ih_t64_h32	m500	t1k	-139.2	+0.00000	+0.00000	0.00000	0.00e0	-0.00000	2.55e-5	2.21e-5
ih_t64_h32	m500	t10k	-138.6	+0.00000	+0.00000	0.00000	0.00e0	-0.00000	2.55e-5	2.21e-5
ih_t64_h32	m500	t20k	-134.7	+0.00000	+0.00000	0.00000	0.00e0	-0.00000	2.55e-5	2.21e-5
ih_t64_h32	m500	multi	-138.7	-0.00000	+0.00000	0.00000	1.25e-6	-0.00000	2.55e-5	2.21e-5
ih_t64_h32	m500	t22k	-40.1	-0.08534	-0.08534	-0.00000	0.00e0	-0.00000	2.55e-5	2.21e-5
ih_t64_h32	p2000	t1k	-139.3	+0.00000	+0.00000	0.00000	0.00e0	0.00000	2.71e-5	2.43e-5
ih_t64_h32	p2000	t10k	-138.6	+0.00000	+0.00000	0.00000	0.00e0	0.00000	2.71e-5	2.43e-5
ih_t64_h32	p2000	t20k	-134.7	+0.00000	+0.00000	-0.00000	0.00e0	0.00000	2.71e-5	2.43e-5
ih_t64_h32	p2000	multi	-138.7	-0.00000	+0.00000	0.00000	5.19e-7	0.00000	2.71e-5	2.43e-5
ih_t64_h32	p2000	t22k	-40.1	-0.08532	-0.08532	0.00000	0.00e0	0.00000	2.71e-5	2.43e-5
ih_t64_h32	m2000	t1k	-139.3	+0.00000	+0.00000	0.00000	0.00e0	-0.00000	2.70e-5	2.56e-5
ih_t64_h32	m2000	t10k	-138.6	+0.00000	+0.00000	0.00000	0.00e0	-0.00000	2.70e-5	2.56e-5
ih_t64_h32	m2000	t20k	-134.8	+0.00000	+0.00000	-0.00000	0.00e0	-0.00000	2.70e-5	2.56e-5
ih_t64_h32	m2000	multi	-138.7	-0.00000	+0.00000	0.00000	5.33e-7	-0.00000	2.70e-5	2.56e-5
ih_t64_h32	m2000	t22k	-40.1	-0.08532	-0.08532	-0.00000	0.00e0	-0.00000	2.70e-5	2.56e-5
ih_t64_h32	mod	t1k	-139.2	+0.00000	+0.00000	0.00000	0.00e0	-0.00012	8.15e-4	2.31e-5
ih_t64_h32	mod	t10k	-138.6	+0.00000	+0.00000	0.00000	0.00e0	-0.00012	8.15e-4	2.31e-5
ih_t64_h32	mod	t20k	-134.8	+0.00000	+0.00000	-0.00000	0.00e0	-0.00012	8.15e-4	2.31e-5
ih_t64_h32	mod	multi	-138.8	-0.00000	+0.00000	0.00000	7.61e-7	-0.00012	8.15e-4	2.31e-5
ih_t64_h32	mod	t22k	-40.1	-0.09029	-0.09029	0.00012	0.00e0	-0.00012	8.15e-4	2.31e-5
ih_t64_h32	r1	t1k	-153.0	-0.00000	-0.00000	0.00000	0.00e0	-0.00000	2.88e-6	2.88e-6
ih_t64_h32	r1	t20k	-153.0	-0.00000	-0.00000	0.00000	0.00e0	-0.00000	2.88e-6	2.88e-6
ih_t64_h32	r1	multi	-151.9	-0.00000	+0.00000	-0.00000	8.56e-8	-0.00000	2.88e-6	2.88e-6
ih_t64_h32	varN	t1k	-139.2	+0.00000	+0.00000	0.00000	0.00e0	-0.00126	9.31e-3	2.33e-5
ih_t64_h32	varN	t20k	-134.7	+0.00000	+0.00000	-0.00000	0.00e0	-0.00126	9.31e-3	2.33e-5
ih_t64_h32	varN	multi	-138.7	-0.00000	+0.00000	0.00000	1.03e-6	-0.00126	9.31e-3	2.33e-5
ih_t96_h32	p100	t1k	-137.8	+0.00000	+0.00000	-0.00000	0.00e0	-0.00000	2.93e-5	2.77e-5
ih_t96_h32	p100	t10k	-137.6	-0.00000	-0.00000	-0.00000	0.00e0	-0.00000	2.93e-5	2.77e-5
ih_t96_h32	p100	t20k	-136.7	+0.00000	+0.00000	-0.00000	0.00e0	-0.00000	2.93e-5	2.77e-5
ih_t96_h32	p100	multi	-137.7	-0.00000	+0.00000	0.00000	1.39e-6	-0.00000	2.93e-5	2.77e-5
ih_t96_h32	p100	t22k	-86.7	-0.00040	-0.00040	-0.00000	0.00e0	-0.00000	2.93e-5	2.77e-5
ih_t96_h32	m100	t1k	-137.8	+0.00000	+0.00000	0.00000	0.00e0	0.00000	2.77e-5	2.65e-5
ih_t96_h32	m100	t10k	-137.7	+0.00000	+0.00000	0.00000	0.00e0	0.00000	2.77e-5	2.65e-5
ih_t96_h32	m100	t20k	-136.8	+0.00000	+0.00000	-0.00000	0.00e0	0.00000	2.77e-5	2.65e-5
ih_t96_h32	m100	multi	-137.6	-0.00000	+0.00000	-0.00000	8.16e-7	0.00000	2.77e-5	2.65e-5
ih_t96_h32	m100	t22k	-86.7	-0.00040	-0.00040	0.00000	0.00e0	0.00000	2.77e-5	2.65e-5
ih_t96_h32	p500	t1k	-137.8	+0.00000	+0.00000	0.00000	0.00e0	0.00000	3.24e-5	2.95e-5
ih_t96_h32	p500	t10k	-137.7	+0.00000	+0.00000	0.00000	0.00e0	0.00000	3.24e-5	2.95e-5
ih_t96_h32	p500	t20k	-136.8	+0.00000	+0.00000	-0.00000	0.00e0	0.00000	3.24e-5	2.95e-5
ih_t96_h32	p500	multi	-137.7	-0.00000	+0.00000	0.00000	1.66e-6	0.00000	3.24e-5	2.95e-5
ih_t96_h32	p500	t22k	-86.7	-0.00040	-0.00040	0.00000	0.00e0	0.00000	3.24e-5	2.95e-5
ih_t96_h32	m500	t1k	-137.8	+0.00000	+0.00000	-0.00000	0.00e0	-0.00000	3.22e-5	2.78e-5
ih_t96_h32	m500	t10k	-137.7	-0.00000	-0.00000	0.00000	0.00e0	-0.00000	3.22e-5	2.78e-5
ih_t96_h32	m500	t20k	-136.8	+0.00000	+0.00000	-0.00000	0.00e0	-0.00000	3.22e-5	2.78e-5
ih_t96_h32	m500	multi	-137.7	-0.00000	+0.00000	-0.00000	5.68e-7	-0.00000	3.22e-5	2.78e-5
ih_t96_h32	m500	t22k	-86.7	-0.00040	-0.00040	-0.00000	0.00e0	-0.00000	3.22e-5	2.78e-5
ih_t96_h32	p2000	t1k	-137.8	+0.00000	+0.00000	0.00000	0.00e0	0.00000	3.09e-5	2.73e-5
ih_t96_h32	p2000	t10k	-137.7	+0.00000	+0.00000	0.00000	0.00e0	0.00000	3.09e-5	2.73e-5
ih_t96_h32	p2000	t20k	-136.7	+0.00000	+0.00000	-0.00000	0.00e0	0.00000	3.09e-5	2.73e-5
ih_t96_h32	p2000	multi	-137.7	-0.00000	+0.00000	0.00000	1.14e-6	0.00000	3.09e-5	2.73e-5
ih_t96_h32	p2000	t22k	-86.7	-0.00040	-0.00040	0.00000	0.00e0	0.00000	3.09e-5	2.73e-5
ih_t96_h32	m2000	t1k	-137.8	+0.00000	+0.00000	0.00000	0.00e0	-0.00000	3.05e-5	2.81e-5
ih_t96_h32	m2000	t10k	-137.7	+0.00000	+0.00000	-0.00000	0.00e0	-0.00000	3.05e-5	2.81e-5
ih_t96_h32	m2000	t20k	-136.7	+0.00000	+0.00000	-0.00000	0.00e0	-0.00000	3.05e-5	2.81e-5
ih_t96_h32	m2000	multi	-137.6	-0.00000	+0.00000	-0.00000	1.03e-6	-0.00000	3.05e-5	2.81e-5
ih_t96_h32	m2000	t22k	-86.7	-0.00040	-0.00040	-0.00000	0.00e0	-0.00000	3.05e-5	2.81e-5
ih_t96_h32	mod	t1k	-137.8	+0.00000	+0.00000	0.00000	0.00e0	-0.00012	8.22e-4	3.05e-5
ih_t96_h32	mod	t10k	-137.6	-0.00000	-0.00000	-0.00000	0.00e0	-0.00012	8.22e-4	3.05e-5
ih_t96_h32	mod	t20k	-136.7	+0.00000	+0.00000	-0.00000	0.00e0	-0.00012	8.22e-4	3.05e-5
ih_t96_h32	mod	multi	-137.7	-0.00000	+0.00000	0.00000	1.58e-6	-0.00012	8.22e-4	3.05e-5
ih_t96_h32	mod	t22k	-86.8	-0.00042	-0.00042	0.00000	0.00e0	-0.00012	8.22e-4	3.05e-5
ih_t96_h32	r1	t1k	-153.0	-0.00000	-0.00000	0.00000	0.00e0	-0.00000	2.88e-6	2.88e-6
ih_t96_h32	r1	t20k	-153.0	-0.00000	-0.00000	0.00000	0.00e0	-0.00000	2.88e-6	2.88e-6
ih_t96_h32	r1	multi	-151.9	-0.00000	+0.00000	-0.00000	8.56e-8	-0.00000	2.88e-6	2.88e-6
ih_t96_h32	varN	t1k	-137.8	+0.00000	+0.00000	-0.00000	0.00e0	-0.00126	9.31e-3	2.82e-5
ih_t96_h32	varN	t20k	-136.7	+0.00000	+0.00000	-0.00000	0.00e0	-0.00126	9.31e-3	2.82e-5
ih_t96_h32	varN	multi	-137.7	-0.00000	+0.00000	0.00000	9.14e-7	-0.00126	9.31e-3	2.82e-5
ih_t48_h32	p100	t1k	-133.7	+0.00000	+0.00000	0.00000	0.00e0	-0.00000	2.98e-5	2.74e-5
ih_t48_h32	p100	t10k	-134.7	+0.00000	+0.00000	0.00000	0.00e0	-0.00000	2.98e-5	2.74e-5
ih_t48_h32	p100	t20k	-117.9	+0.00001	+0.00001	0.00000	0.00e0	-0.00000	2.98e-5	2.74e-5
ih_t48_h32	p100	multi	-129.6	-0.00000	+0.00001	-0.00000	1.44e-6	-0.00000	2.98e-5	2.74e-5
ih_t48_h32	p100	t22k	-29.8	-0.27568	-0.27568	-0.00000	0.00e0	-0.00000	2.98e-5	2.74e-5
ih_t48_h32	m100	t1k	-133.7	+0.00000	+0.00000	-0.00000	0.00e0	0.00000	2.74e-5	2.82e-5
ih_t48_h32	m100	t10k	-134.7	+0.00000	+0.00000	-0.00000	0.00e0	0.00000	2.74e-5	2.82e-5
ih_t48_h32	m100	t20k	-117.9	+0.00001	+0.00001	-0.00000	0.00e0	0.00000	2.74e-5	2.82e-5
ih_t48_h32	m100	multi	-129.6	-0.00000	+0.00001	0.00000	9.65e-7	0.00000	2.74e-5	2.82e-5
ih_t48_h32	m100	t22k	-29.8	-0.27568	-0.27568	0.00001	0.00e0	0.00000	2.74e-5	2.82e-5
ih_t48_h32	p500	t1k	-133.7	+0.00000	+0.00000	-0.00000	0.00e0	0.00000	2.88e-5	2.60e-5
ih_t48_h32	p500	t10k	-134.7	+0.00000	+0.00000	-0.00000	0.00e0	0.00000	2.88e-5	2.60e-5
ih_t48_h32	p500	t20k	-117.9	+0.00001	+0.00001	-0.00000	0.00e0	0.00000	2.88e-5	2.60e-5
ih_t48_h32	p500	multi	-129.6	-0.00000	+0.00001	-0.00000	5.69e-7	0.00000	2.88e-5	2.60e-5
ih_t48_h32	p500	t22k	-29.8	-0.27601	-0.27601	0.00000	0.00e0	0.00000	2.88e-5	2.60e-5
ih_t48_h32	m500	t1k	-133.7	+0.00000	+0.00000	-0.00000	0.00e0	-0.00000	3.07e-5	2.70e-5
ih_t48_h32	m500	t10k	-134.7	+0.00000	+0.00000	-0.00000	0.00e0	-0.00000	3.07e-5	2.70e-5
ih_t48_h32	m500	t20k	-117.9	+0.00001	+0.00001	-0.00000	0.00e0	-0.00000	3.07e-5	2.70e-5
ih_t48_h32	m500	multi	-129.6	+0.00000	+0.00001	0.00000	7.28e-7	-0.00000	3.07e-5	2.70e-5
ih_t48_h32	m500	t22k	-29.8	-0.27602	-0.27602	-0.00000	0.00e0	-0.00000	3.07e-5	2.70e-5
ih_t48_h32	p2000	t1k	-133.8	+0.00000	+0.00000	-0.00000	0.00e0	0.00000	3.20e-5	2.77e-5
ih_t48_h32	p2000	t10k	-134.7	+0.00000	+0.00000	0.00000	0.00e0	0.00000	3.20e-5	2.77e-5
ih_t48_h32	p2000	t20k	-117.9	+0.00001	+0.00001	-0.00000	0.00e0	0.00000	3.20e-5	2.77e-5
ih_t48_h32	p2000	multi	-129.6	-0.00000	+0.00001	-0.00000	6.32e-6	0.00000	3.20e-5	2.77e-5
ih_t48_h32	p2000	t22k	-29.8	-0.27593	-0.27593	0.00001	0.00e0	0.00000	3.20e-5	2.77e-5
ih_t48_h32	m2000	t1k	-133.7	+0.00000	+0.00000	0.00000	0.00e0	-0.00000	3.14e-5	2.73e-5
ih_t48_h32	m2000	t10k	-134.7	+0.00000	+0.00000	-0.00000	0.00e0	-0.00000	3.14e-5	2.73e-5
ih_t48_h32	m2000	t20k	-117.9	+0.00001	+0.00001	0.00000	0.00e0	-0.00000	3.14e-5	2.73e-5
ih_t48_h32	m2000	multi	-129.6	-0.00000	+0.00001	0.00000	2.00e-6	-0.00000	3.14e-5	2.73e-5
ih_t48_h32	m2000	t22k	-29.8	-0.27592	-0.27592	-0.00001	0.00e0	-0.00000	3.14e-5	2.73e-5
ih_t48_h32	mod	t1k	-133.8	+0.00000	+0.00000	-0.00000	0.00e0	-0.00011	8.19e-4	2.69e-5
ih_t48_h32	mod	t10k	-134.6	+0.00000	+0.00000	-0.00000	0.00e0	-0.00011	8.19e-4	2.69e-5
ih_t48_h32	mod	t20k	-118.0	+0.00001	+0.00001	-0.00000	0.00e0	-0.00011	8.19e-4	2.69e-5
ih_t48_h32	mod	multi	-129.7	-0.00000	+0.00001	-0.00000	3.01e-6	-0.00011	8.19e-4	2.69e-5
ih_t48_h32	mod	t22k	-29.8	-0.29220	-0.29220	0.00038	0.00e0	-0.00011	8.19e-4	2.69e-5
ih_t48_h32	r1	t1k	-153.0	-0.00000	-0.00000	0.00000	0.00e0	-0.00000	2.88e-6	2.88e-6
ih_t48_h32	r1	t20k	-153.0	-0.00000	-0.00000	0.00000	0.00e0	-0.00000	2.88e-6	2.88e-6
ih_t48_h32	r1	multi	-151.9	-0.00000	+0.00000	-0.00000	8.56e-8	-0.00000	2.88e-6	2.88e-6
ih_t48_h32	varN	t1k	-133.8	+0.00000	+0.00000	0.00000	0.00e0	-0.00126	9.31e-3	2.62e-5
ih_t48_h32	varN	t20k	-117.9	+0.00001	+0.00001	-0.00000	0.00e0	-0.00126	9.31e-3	2.62e-5
ih_t48_h32	varN	multi	-129.7	+0.00000	+0.00001	-0.00000	1.41e-6	-0.00126	9.31e-3	2.62e-5
ih_t32_h32	p100	t1k	-103.3	+0.00011	+0.00011	0.00000	0.00e0	-0.00000	1.37e-4	1.38e-4
ih_t32_h32	p100	t10k	-100.0	+0.00014	+0.00014	0.00000	0.00e0	-0.00000	1.37e-4	1.38e-4
ih_t32_h32	p100	t20k	-67.1	-0.00377	-0.00377	-0.00000	0.00e0	-0.00000	1.37e-4	1.38e-4
ih_t32_h32	p100	multi	-81.8	-0.00385	+0.00015	0.00000	6.45e-6	-0.00000	1.37e-4	1.38e-4
ih_t32_h32	p100	t22k	-21.4	-0.70903	-0.70903	-0.00001	0.00e0	-0.00000	1.37e-4	1.38e-4
ih_t32_h32	m100	t1k	-103.3	+0.00011	+0.00011	-0.00000	0.00e0	0.00000	1.35e-4	1.33e-4
ih_t32_h32	m100	t10k	-100.0	+0.00014	+0.00014	-0.00000	0.00e0	0.00000	1.35e-4	1.33e-4
ih_t32_h32	m100	t20k	-67.1	-0.00377	-0.00377	0.00000	0.00e0	0.00000	1.35e-4	1.33e-4
ih_t32_h32	m100	multi	-81.8	-0.00385	+0.00015	-0.00000	5.84e-6	0.00000	1.35e-4	1.33e-4
ih_t32_h32	m100	t22k	-21.4	-0.70902	-0.70902	0.00001	0.00e0	0.00000	1.35e-4	1.33e-4
ih_t32_h32	p500	t1k	-103.3	+0.00011	+0.00011	-0.00000	0.00e0	0.00000	1.39e-4	1.34e-4
ih_t32_h32	p500	t10k	-100.0	+0.00014	+0.00014	-0.00000	0.00e0	0.00000	1.39e-4	1.34e-4
ih_t32_h32	p500	t20k	-67.1	-0.00378	-0.00378	0.00000	0.00e0	0.00000	1.39e-4	1.34e-4
ih_t32_h32	p500	multi	-81.8	-0.00385	+0.00015	0.00000	5.73e-6	0.00000	1.39e-4	1.34e-4
ih_t32_h32	p500	t22k	-21.4	-0.70989	-0.70989	0.00000	0.00e0	0.00000	1.39e-4	1.34e-4
ih_t32_h32	m500	t1k	-103.3	+0.00011	+0.00011	0.00000	0.00e0	-0.00000	1.37e-4	1.33e-4
ih_t32_h32	m500	t10k	-100.0	+0.00014	+0.00014	0.00000	0.00e0	-0.00000	1.37e-4	1.33e-4
ih_t32_h32	m500	t20k	-67.1	-0.00378	-0.00378	-0.00000	0.00e0	-0.00000	1.37e-4	1.33e-4
ih_t32_h32	m500	multi	-81.8	-0.00385	+0.00015	0.00000	2.73e-6	-0.00000	1.37e-4	1.33e-4
ih_t32_h32	m500	t22k	-21.4	-0.70991	-0.70991	-0.00001	0.00e0	-0.00000	1.37e-4	1.33e-4
ih_t32_h32	p2000	t1k	-103.3	+0.00011	+0.00011	-0.00000	0.00e0	0.00000	1.37e-4	1.33e-4
ih_t32_h32	p2000	t10k	-100.0	+0.00014	+0.00014	-0.00000	0.00e0	0.00000	1.37e-4	1.33e-4
ih_t32_h32	p2000	t20k	-67.1	-0.00378	-0.00378	0.00000	0.00e0	0.00000	1.37e-4	1.33e-4
ih_t32_h32	p2000	multi	-81.8	-0.00385	+0.00015	-0.00000	9.69e-5	0.00000	1.37e-4	1.33e-4
ih_t32_h32	p2000	t22k	-21.4	-0.70968	-0.70968	0.00002	0.00e0	0.00000	1.37e-4	1.33e-4
ih_t32_h32	m2000	t1k	-103.3	+0.00011	+0.00011	0.00000	0.00e0	-0.00000	1.38e-4	1.33e-4
ih_t32_h32	m2000	t10k	-100.0	+0.00014	+0.00014	0.00000	0.00e0	-0.00000	1.38e-4	1.33e-4
ih_t32_h32	m2000	t20k	-67.1	-0.00378	-0.00378	-0.00000	0.00e0	-0.00000	1.38e-4	1.33e-4
ih_t32_h32	m2000	multi	-81.8	-0.00385	+0.00015	0.00000	3.58e-5	-0.00000	1.38e-4	1.33e-4
ih_t32_h32	m2000	t22k	-21.4	-0.70966	-0.70966	-0.00002	0.00e0	-0.00000	1.38e-4	1.33e-4
ih_t32_h32	mod	t1k	-103.5	+0.00011	+0.00011	-0.00000	0.00e0	-0.00011	9.05e-4	1.35e-4
ih_t32_h32	mod	t10k	-100.1	+0.00015	+0.00015	-0.00000	0.00e0	-0.00011	9.05e-4	1.35e-4
ih_t32_h32	mod	t20k	-67.1	-0.00400	-0.00400	0.00001	0.00e0	-0.00011	9.05e-4	1.35e-4
ih_t32_h32	mod	multi	-81.8	-0.00407	+0.00016	-0.00000	4.21e-5	-0.00011	9.05e-4	1.35e-4
ih_t32_h32	mod	t22k	-21.4	-0.75262	-0.75262	0.00102	0.00e0	-0.00011	9.05e-4	1.35e-4
ih_t32_h32	r1	t1k	-153.0	-0.00000	-0.00000	0.00000	0.00e0	-0.00000	2.88e-6	2.88e-6
ih_t32_h32	r1	t20k	-153.0	-0.00000	-0.00000	0.00000	0.00e0	-0.00000	2.88e-6	2.88e-6
ih_t32_h32	r1	multi	-151.9	-0.00000	+0.00000	-0.00000	8.56e-8	-0.00000	2.88e-6	2.88e-6
ih_t32_h32	varN	t1k	-103.4	+0.00011	+0.00011	-0.00000	0.00e0	-0.00125	9.40e-3	1.35e-4
ih_t32_h32	varN	t20k	-67.1	-0.00394	-0.00394	0.00001	0.00e0	-0.00125	9.40e-3	1.35e-4
ih_t32_h32	varN	multi	-81.8	-0.00401	+0.00015	-0.00000	2.15e-5	-0.00125	9.40e-3	1.35e-4
ih_t64_l256	p100	t1k	-139.2	+0.00000	+0.00000	0.00000	0.00e0	-0.00000	3.29e-5	2.88e-5
ih_t64_l256	p100	t10k	-120.2	-0.00002	-0.00002	0.00000	0.00e0	-0.00000	3.29e-5	2.88e-5
ih_t64_l256	p100	t20k	-108.2	-0.00007	-0.00007	-0.00000	0.00e0	-0.00000	3.29e-5	2.88e-5
ih_t64_l256	p100	multi	-120.8	-0.00007	+0.00000	-0.00000	6.88e-7	-0.00000	3.29e-5	2.88e-5
ih_t64_l256	p100	t22k	-40.1	-0.08533	-0.08533	-0.00000	0.00e0	-0.00000	3.29e-5	2.88e-5
ih_t64_l256	m100	t1k	-139.2	+0.00000	+0.00000	0.00000	0.00e0	0.00000	2.52e-5	2.50e-5
ih_t64_l256	m100	t10k	-120.2	-0.00002	-0.00002	0.00000	0.00e0	0.00000	2.52e-5	2.50e-5
ih_t64_l256	m100	t20k	-108.2	-0.00007	-0.00007	0.00000	0.00e0	0.00000	2.52e-5	2.50e-5
ih_t64_l256	m100	multi	-120.8	-0.00007	+0.00000	-0.00000	4.56e-7	0.00000	2.52e-5	2.50e-5
ih_t64_l256	m100	t22k	-40.1	-0.08533	-0.08533	0.00000	0.00e0	0.00000	2.52e-5	2.50e-5
ih_t64_l256	p500	t1k	-139.2	+0.00000	+0.00000	0.00000	0.00e0	0.00000	2.59e-5	2.39e-5
ih_t64_l256	p500	t10k	-120.2	-0.00002	-0.00002	0.00000	0.00e0	0.00000	2.59e-5	2.39e-5
ih_t64_l256	p500	t20k	-108.2	-0.00007	-0.00007	-0.00000	0.00e0	0.00000	2.59e-5	2.39e-5
ih_t64_l256	p500	multi	-120.8	-0.00007	+0.00000	0.00000	6.24e-7	0.00000	2.59e-5	2.39e-5
ih_t64_l256	p500	t22k	-40.1	-0.08543	-0.08543	0.00000	0.00e0	0.00000	2.59e-5	2.39e-5
ih_t64_l256	m500	t1k	-139.2	+0.00000	+0.00000	0.00000	0.00e0	-0.00000	2.79e-5	2.49e-5
ih_t64_l256	m500	t10k	-120.2	-0.00002	-0.00002	0.00000	0.00e0	-0.00000	2.79e-5	2.49e-5
ih_t64_l256	m500	t20k	-108.2	-0.00007	-0.00007	0.00000	0.00e0	-0.00000	2.79e-5	2.49e-5
ih_t64_l256	m500	multi	-120.8	-0.00007	+0.00000	-0.00000	5.63e-7	-0.00000	2.79e-5	2.49e-5
ih_t64_l256	m500	t22k	-40.1	-0.08544	-0.08544	-0.00000	0.00e0	-0.00000	2.79e-5	2.49e-5
ih_t64_l256	p2000	t1k	-139.3	+0.00000	+0.00000	0.00000	0.00e0	0.00000	2.94e-5	2.94e-5
ih_t64_l256	p2000	t10k	-120.2	-0.00002	-0.00002	0.00000	0.00e0	0.00000	2.94e-5	2.94e-5
ih_t64_l256	p2000	t20k	-108.2	-0.00007	-0.00007	-0.00000	0.00e0	0.00000	2.94e-5	2.94e-5
ih_t64_l256	p2000	multi	-120.8	-0.00007	+0.00000	-0.00000	1.02e-6	0.00000	2.94e-5	2.94e-5
ih_t64_l256	p2000	t22k	-40.1	-0.08541	-0.08541	0.00000	0.00e0	0.00000	2.94e-5	2.94e-5
ih_t64_l256	m2000	t1k	-139.3	+0.00000	+0.00000	0.00000	0.00e0	-0.00000	2.92e-5	2.51e-5
ih_t64_l256	m2000	t10k	-120.2	-0.00002	-0.00002	0.00000	0.00e0	-0.00000	2.92e-5	2.51e-5
ih_t64_l256	m2000	t20k	-108.2	-0.00007	-0.00007	-0.00000	0.00e0	-0.00000	2.92e-5	2.51e-5
ih_t64_l256	m2000	multi	-120.8	-0.00007	+0.00000	0.00000	6.60e-7	-0.00000	2.92e-5	2.51e-5
ih_t64_l256	m2000	t22k	-40.1	-0.08541	-0.08541	-0.00000	0.00e0	-0.00000	2.92e-5	2.51e-5
ih_t64_l256	mod	t1k	-139.2	+0.00000	+0.00000	0.00000	0.00e0	-0.00012	8.17e-4	2.49e-5
ih_t64_l256	mod	t10k	-120.2	-0.00002	-0.00002	0.00000	0.00e0	-0.00012	8.17e-4	2.49e-5
ih_t64_l256	mod	t20k	-108.2	-0.00007	-0.00007	-0.00000	0.00e0	-0.00012	8.17e-4	2.49e-5
ih_t64_l256	mod	multi	-120.9	-0.00007	+0.00000	-0.00000	1.33e-6	-0.00012	8.17e-4	2.49e-5
ih_t64_l256	mod	t22k	-40.1	-0.09038	-0.09038	0.00012	0.00e0	-0.00012	8.17e-4	2.49e-5
ih_t64_l256	r1	t1k	-153.0	-0.00000	-0.00000	0.00000	0.00e0	-0.00000	2.88e-6	2.88e-6
ih_t64_l256	r1	t20k	-153.0	-0.00000	-0.00000	0.00000	0.00e0	-0.00000	2.88e-6	2.88e-6
ih_t64_l256	r1	multi	-151.9	-0.00000	+0.00000	-0.00000	8.56e-8	-0.00000	2.88e-6	2.88e-6
ih_t64_l256	varN	t1k	-139.2	+0.00000	+0.00000	0.00000	0.00e0	-0.00126	9.31e-3	2.36e-5
ih_t64_l256	varN	t20k	-108.1	-0.00007	-0.00007	-0.00000	0.00e0	-0.00126	9.31e-3	2.36e-5
ih_t64_l256	varN	multi	-120.8	-0.00007	+0.00000	-0.00000	1.30e-6	-0.00126	9.31e-3	2.36e-5
ih_t64_l1024	p100	t1k	-139.2	+0.00000	+0.00000	0.00000	0.00e0	-0.00000	2.65e-5	2.42e-5
ih_t64_l1024	p100	t10k	-137.6	-0.00000	-0.00000	0.00000	0.00e0	-0.00000	2.65e-5	2.42e-5
ih_t64_l1024	p100	t20k	-130.4	-0.00000	-0.00000	0.00000	0.00e0	-0.00000	2.65e-5	2.42e-5
ih_t64_l1024	p100	multi	-137.9	-0.00000	+0.00000	-0.00000	7.93e-7	-0.00000	2.65e-5	2.42e-5
ih_t64_l1024	p100	t22k	-40.1	-0.08525	-0.08525	-0.00000	0.00e0	-0.00000	2.65e-5	2.42e-5
ih_t64_l1024	m100	t1k	-139.3	+0.00000	+0.00000	0.00000	0.00e0	0.00000	2.46e-5	2.40e-5
ih_t64_l1024	m100	t10k	-137.6	-0.00000	-0.00000	0.00000	0.00e0	0.00000	2.46e-5	2.40e-5
ih_t64_l1024	m100	t20k	-130.4	-0.00000	-0.00000	0.00000	0.00e0	0.00000	2.46e-5	2.40e-5
ih_t64_l1024	m100	multi	-137.9	-0.00000	+0.00000	-0.00000	7.53e-7	0.00000	2.46e-5	2.40e-5
ih_t64_l1024	m100	t22k	-40.1	-0.08525	-0.08525	0.00000	0.00e0	0.00000	2.46e-5	2.40e-5
ih_t64_l1024	p500	t1k	-139.3	+0.00000	+0.00000	0.00000	0.00e0	0.00000	2.78e-5	2.44e-5
ih_t64_l1024	p500	t10k	-137.6	-0.00000	-0.00000	0.00000	0.00e0	0.00000	2.78e-5	2.44e-5
ih_t64_l1024	p500	t20k	-130.4	-0.00000	-0.00000	-0.00000	0.00e0	0.00000	2.78e-5	2.44e-5
ih_t64_l1024	p500	multi	-137.9	-0.00000	+0.00000	-0.00000	2.97e-7	0.00000	2.78e-5	2.44e-5
ih_t64_l1024	p500	t22k	-40.1	-0.08535	-0.08535	0.00000	0.00e0	0.00000	2.78e-5	2.44e-5
ih_t64_l1024	m500	t1k	-139.3	+0.00000	+0.00000	0.00000	0.00e0	-0.00000	2.68e-5	2.32e-5
ih_t64_l1024	m500	t10k	-137.6	-0.00000	-0.00000	0.00000	0.00e0	-0.00000	2.68e-5	2.32e-5
ih_t64_l1024	m500	t20k	-130.4	-0.00000	-0.00000	0.00000	0.00e0	-0.00000	2.68e-5	2.32e-5
ih_t64_l1024	m500	multi	-137.8	-0.00000	+0.00000	-0.00000	6.08e-7	-0.00000	2.68e-5	2.32e-5
ih_t64_l1024	m500	t22k	-40.1	-0.08535	-0.08535	-0.00000	0.00e0	-0.00000	2.68e-5	2.32e-5
ih_t64_l1024	p2000	t1k	-139.3	+0.00000	+0.00000	0.00000	0.00e0	0.00000	2.61e-5	2.26e-5
ih_t64_l1024	p2000	t10k	-137.6	-0.00000	-0.00000	0.00000	0.00e0	0.00000	2.61e-5	2.26e-5
ih_t64_l1024	p2000	t20k	-130.4	-0.00000	-0.00000	-0.00000	0.00e0	0.00000	2.61e-5	2.26e-5
ih_t64_l1024	p2000	multi	-137.8	-0.00000	+0.00000	-0.00000	9.36e-7	0.00000	2.61e-5	2.26e-5
ih_t64_l1024	p2000	t22k	-40.1	-0.08532	-0.08532	0.00000	0.00e0	0.00000	2.61e-5	2.26e-5
ih_t64_l1024	m2000	t1k	-139.3	+0.00000	+0.00000	0.00000	0.00e0	-0.00000	2.67e-5	2.30e-5
ih_t64_l1024	m2000	t10k	-137.6	-0.00000	-0.00000	0.00000	0.00e0	-0.00000	2.67e-5	2.30e-5
ih_t64_l1024	m2000	t20k	-130.4	-0.00000	-0.00000	0.00000	0.00e0	-0.00000	2.67e-5	2.30e-5
ih_t64_l1024	m2000	multi	-137.9	-0.00000	+0.00000	0.00000	5.09e-7	-0.00000	2.67e-5	2.30e-5
ih_t64_l1024	m2000	t22k	-40.1	-0.08532	-0.08532	-0.00000	0.00e0	-0.00000	2.67e-5	2.30e-5
ih_t64_l1024	mod	t1k	-139.2	+0.00000	+0.00000	0.00000	0.00e0	-0.00012	8.15e-4	2.29e-5
ih_t64_l1024	mod	t10k	-137.6	-0.00000	-0.00000	0.00000	0.00e0	-0.00012	8.15e-4	2.29e-5
ih_t64_l1024	mod	t20k	-130.4	-0.00000	-0.00000	-0.00000	0.00e0	-0.00012	8.15e-4	2.29e-5
ih_t64_l1024	mod	multi	-137.9	-0.00000	+0.00000	-0.00000	1.05e-6	-0.00012	8.15e-4	2.29e-5
ih_t64_l1024	mod	t22k	-40.1	-0.09029	-0.09029	0.00012	0.00e0	-0.00012	8.15e-4	2.29e-5
ih_t64_l1024	r1	t1k	-153.0	-0.00000	-0.00000	0.00000	0.00e0	-0.00000	2.88e-6	2.88e-6
ih_t64_l1024	r1	t20k	-153.0	-0.00000	-0.00000	0.00000	0.00e0	-0.00000	2.88e-6	2.88e-6
ih_t64_l1024	r1	multi	-151.9	-0.00000	+0.00000	-0.00000	8.56e-8	-0.00000	2.88e-6	2.88e-6
ih_t64_l1024	varN	t1k	-139.3	+0.00000	+0.00000	0.00000	0.00e0	-0.00126	9.31e-3	2.43e-5
ih_t64_l1024	varN	t20k	-130.4	-0.00000	-0.00000	-0.00000	0.00e0	-0.00126	9.31e-3	2.43e-5
ih_t64_l1024	varN	multi	-137.9	-0.00000	+0.00000	0.00000	1.76e-6	-0.00126	9.31e-3	2.43e-5
rb5_sinc256_lin	p100	t1k	-136.5	-0.00007	-0.00007	-16.43721	0.00e0	-127.99609	1.97e-5	-
rb5_sinc256_lin	p100	t10k	-120.1	-0.00009	-0.00009	-1.95477	0.00e0	-127.99609	1.97e-5	-
rb5_sinc256_lin	p100	t20k	-108.2	-0.00015	-0.00015	0.77701	0.00e0	-127.99609	1.97e-5	-
rb5_sinc256_lin	p100	multi	-120.7	-0.00015	-0.00007	36.15987	1.48e2	-127.99609	1.97e-5	-
rb5_sinc256_lin	p100	t22k	-106.5	-0.01732	-0.01732	-0.72533	0.00e0	-127.99609	1.97e-5	-
rb5_sinc256_lin	m100	t1k	-136.5	-0.00007	-0.00007	-16.43721	0.00e0	-127.99609	2.22e-5	-
rb5_sinc256_lin	m100	t10k	-120.1	-0.00009	-0.00009	-1.95477	0.00e0	-127.99609	2.22e-5	-
rb5_sinc256_lin	m100	t20k	-108.2	-0.00015	-0.00015	0.77701	0.00e0	-127.99609	2.22e-5	-
rb5_sinc256_lin	m100	multi	-120.7	-0.00015	-0.00007	36.15987	1.48e2	-127.99609	2.22e-5	-
rb5_sinc256_lin	m100	t22k	-106.5	-0.01732	-0.01732	-0.72533	0.00e0	-127.99609	2.22e-5	-
rb5_sinc256_lin	p500	t1k	-136.5	-0.00007	-0.00007	-16.43721	0.00e0	-127.99609	1.88e-5	-
rb5_sinc256_lin	p500	t10k	-120.1	-0.00009	-0.00009	-1.95477	0.00e0	-127.99609	1.88e-5	-
rb5_sinc256_lin	p500	t20k	-108.1	-0.00015	-0.00015	0.77701	0.00e0	-127.99609	1.88e-5	-
rb5_sinc256_lin	p500	multi	-120.7	-0.00015	-0.00007	36.15987	1.48e2	-127.99609	1.88e-5	-
rb5_sinc256_lin	p500	t22k	-106.5	-0.01732	-0.01732	-0.72533	0.00e0	-127.99609	1.88e-5	-
rb5_sinc256_lin	m500	t1k	-136.5	-0.00007	-0.00007	-16.43721	0.00e0	-127.99609	1.97e-5	-
rb5_sinc256_lin	m500	t10k	-120.1	-0.00009	-0.00009	-1.95477	0.00e0	-127.99609	1.97e-5	-
rb5_sinc256_lin	m500	t20k	-108.1	-0.00015	-0.00015	0.77701	0.00e0	-127.99609	1.97e-5	-
rb5_sinc256_lin	m500	multi	-120.7	-0.00015	-0.00007	36.15987	1.48e2	-127.99609	1.97e-5	-
rb5_sinc256_lin	m500	t22k	-106.5	-0.01732	-0.01732	-0.72533	0.00e0	-127.99609	1.97e-5	-
rb5_sinc256_lin	p2000	t1k	-136.5	-0.00007	-0.00007	-16.43721	0.00e0	-127.99609	1.87e-5	-
rb5_sinc256_lin	p2000	t10k	-120.0	-0.00009	-0.00009	-1.95477	0.00e0	-127.99609	1.87e-5	-
rb5_sinc256_lin	p2000	t20k	-108.1	-0.00015	-0.00015	0.77701	0.00e0	-127.99609	1.87e-5	-
rb5_sinc256_lin	p2000	multi	-120.7	-0.00015	-0.00007	36.15987	1.48e2	-127.99609	1.87e-5	-
rb5_sinc256_lin	p2000	t22k	-106.5	-0.01732	-0.01732	-0.72533	0.00e0	-127.99609	1.87e-5	-
rb5_sinc256_lin	m2000	t1k	-136.5	-0.00007	-0.00007	-16.43721	0.00e0	-127.99609	2.03e-5	-
rb5_sinc256_lin	m2000	t10k	-120.0	-0.00009	-0.00009	-1.95477	0.00e0	-127.99609	2.03e-5	-
rb5_sinc256_lin	m2000	t20k	-108.1	-0.00015	-0.00015	0.77701	0.00e0	-127.99609	2.03e-5	-
rb5_sinc256_lin	m2000	multi	-120.7	-0.00015	-0.00007	36.15987	1.48e2	-127.99609	2.03e-5	-
rb5_sinc256_lin	m2000	t22k	-106.5	-0.01732	-0.01732	-0.72533	0.00e0	-127.99609	2.03e-5	-
rb5_sinc256_lin	mod	t1k	-136.5	-0.00007	-0.00007	-16.43721	0.00e0	-127.99609	2.07e-5	-
rb5_sinc256_lin	mod	t10k	-120.2	-0.00009	-0.00009	-1.95477	0.00e0	-127.99609	2.07e-5	-
rb5_sinc256_lin	mod	t20k	-108.2	-0.00015	-0.00015	0.77701	0.00e0	-127.99609	2.07e-5	-
rb5_sinc256_lin	mod	multi	-120.7	-0.00015	-0.00007	36.15987	1.48e2	-127.99609	2.07e-5	-
rb5_sinc256_lin	mod	t22k	-106.5	-0.01732	-0.01732	-0.72533	0.00e0	-127.99609	2.07e-5	-
rb5_sinc256_lin	r1	t1k	-142.7	-0.00007	-0.00007	-16.43721	0.00e0	-127.99610	9.06e-6	-
rb5_sinc256_lin	r1	t20k	-142.7	-0.00007	-0.00007	0.77701	0.00e0	-127.99610	9.06e-6	-
rb5_sinc256_lin	r1	multi	-142.0	-0.00007	-0.00007	36.15987	1.48e2	-127.99610	9.06e-6	-
rb5_sinc256_lin	varN	t1k	-136.6	-0.00007	-0.00007	-16.43721	0.00e0	-127.99609	1.94e-5	-
rb5_sinc256_lin	varN	t20k	-108.2	-0.00015	-0.00015	0.77701	0.00e0	-127.99609	1.94e-5	-
rb5_sinc256_lin	varN	multi	-120.7	-0.00015	-0.00007	36.15987	1.48e2	-127.99609	1.94e-5	-
rb5_sinc256_cub	p100	t1k	-135.3	-0.00001	-0.00001	-16.44111	0.00e0	-127.99219	2.00e-5	-
rb5_sinc256_cub	p100	t10k	-133.2	-0.00001	-0.00001	-1.95868	0.00e0	-127.99219	2.00e-5	-
rb5_sinc256_cub	p100	t20k	-130.1	-0.00001	-0.00001	0.77310	0.00e0	-127.99219	2.00e-5	-
rb5_sinc256_cub	p100	multi	-134.5	-0.00002	-0.00001	36.15596	1.48e2	-127.99219	2.00e-5	-
rb5_sinc256_cub	p100	t22k	-129.4	-0.03999	-0.03999	-0.72923	0.00e0	-127.99219	2.00e-5	-
rb5_sinc256_cub	m100	t1k	-135.3	-0.00001	-0.00001	-16.44111	0.00e0	-127.99219	1.83e-5	-
rb5_sinc256_cub	m100	t10k	-133.2	-0.00001	-0.00001	-1.95868	0.00e0	-127.99219	1.83e-5	-
rb5_sinc256_cub	m100	t20k	-130.1	-0.00001	-0.00001	0.77310	0.00e0	-127.99219	1.83e-5	-
rb5_sinc256_cub	m100	multi	-134.5	-0.00002	-0.00001	36.15596	1.48e2	-127.99219	1.83e-5	-
rb5_sinc256_cub	m100	t22k	-129.4	-0.03999	-0.03999	-0.72923	0.00e0	-127.99219	1.83e-5	-
rb5_sinc256_cub	p500	t1k	-135.3	-0.00001	-0.00001	-16.44111	0.00e0	-127.99219	1.94e-5	-
rb5_sinc256_cub	p500	t10k	-132.5	-0.00001	-0.00001	-1.95868	0.00e0	-127.99219	1.94e-5	-
rb5_sinc256_cub	p500	t20k	-128.8	-0.00001	-0.00001	0.77310	0.00e0	-127.99219	1.94e-5	-
rb5_sinc256_cub	p500	multi	-134.2	-0.00002	-0.00001	36.15596	1.48e2	-127.99219	1.94e-5	-
rb5_sinc256_cub	p500	t22k	-128.1	-0.03999	-0.03999	-0.72923	0.00e0	-127.99219	1.94e-5	-
rb5_sinc256_cub	m500	t1k	-135.3	-0.00001	-0.00001	-16.44111	0.00e0	-127.99219	1.78e-5	-
rb5_sinc256_cub	m500	t10k	-132.6	-0.00001	-0.00001	-1.95868	0.00e0	-127.99219	1.78e-5	-
rb5_sinc256_cub	m500	t20k	-128.9	-0.00001	-0.00001	0.77310	0.00e0	-127.99219	1.78e-5	-
rb5_sinc256_cub	m500	multi	-134.2	-0.00002	-0.00001	36.15596	1.48e2	-127.99219	1.78e-5	-
rb5_sinc256_cub	m500	t22k	-128.1	-0.03999	-0.03999	-0.72923	0.00e0	-127.99219	1.78e-5	-
rb5_sinc256_cub	p2000	t1k	-135.3	-0.00001	-0.00001	-16.44111	0.00e0	-127.99219	1.78e-5	-
rb5_sinc256_cub	p2000	t10k	-131.5	-0.00001	-0.00001	-1.95868	0.00e0	-127.99219	1.78e-5	-
rb5_sinc256_cub	p2000	t20k	-127.2	-0.00001	-0.00001	0.77310	0.00e0	-127.99219	1.78e-5	-
rb5_sinc256_cub	p2000	multi	-133.6	-0.00001	-0.00001	36.15596	1.48e2	-127.99219	1.78e-5	-
rb5_sinc256_cub	p2000	t22k	-126.4	-0.03999	-0.03999	-0.72923	0.00e0	-127.99219	1.78e-5	-
rb5_sinc256_cub	m2000	t1k	-135.2	-0.00001	-0.00001	-16.44111	0.00e0	-127.99219	1.95e-5	-
rb5_sinc256_cub	m2000	t10k	-131.4	-0.00001	-0.00001	-1.95868	0.00e0	-127.99219	1.95e-5	-
rb5_sinc256_cub	m2000	t20k	-127.1	-0.00001	-0.00001	0.77310	0.00e0	-127.99219	1.95e-5	-
rb5_sinc256_cub	m2000	multi	-133.6	-0.00002	-0.00001	36.15596	1.48e2	-127.99219	1.95e-5	-
rb5_sinc256_cub	m2000	t22k	-126.4	-0.03999	-0.03999	-0.72923	0.00e0	-127.99219	1.95e-5	-
rb5_sinc256_cub	mod	t1k	-135.3	-0.00001	-0.00001	-16.44111	0.00e0	-127.99219	2.02e-5	-
rb5_sinc256_cub	mod	t10k	-135.4	-0.00001	-0.00001	-1.95868	0.00e0	-127.99219	2.02e-5	-
rb5_sinc256_cub	mod	t20k	-136.4	-0.00001	-0.00001	0.77310	0.00e0	-127.99219	2.02e-5	-
rb5_sinc256_cub	mod	multi	-135.3	-0.00002	-0.00001	36.15596	1.48e2	-127.99219	2.02e-5	-
rb5_sinc256_cub	mod	t22k	-136.2	-0.03999	-0.03999	-0.72923	0.00e0	-127.99219	2.02e-5	-
rb5_sinc256_cub	r1	t1k	-142.6	-0.00002	-0.00002	-16.44111	0.00e0	-127.99218	1.12e-5	-
rb5_sinc256_cub	r1	t20k	-142.8	-0.00002	-0.00002	0.77310	0.00e0	-127.99218	1.12e-5	-
rb5_sinc256_cub	r1	multi	-142.1	-0.00002	-0.00001	36.15596	1.48e2	-127.99218	1.12e-5	-
rb5_sinc256_cub	varN	t1k	-135.3	-0.00001	-0.00001	-16.44111	0.00e0	-127.99219	2.03e-5	-
rb5_sinc256_cub	varN	t20k	-136.4	-0.00001	-0.00001	0.77310	0.00e0	-127.99219	2.03e-5	-
rb5_sinc256_cub	varN	multi	-135.4	-0.00002	-0.00001	36.15596	1.48e2	-127.99219	2.03e-5	-
rb5_sinc64_cub	p100	t1k	-139.3	-0.00002	-0.00002	-16.15225	0.00e0	-31.99219	1.37e-5	-
rb5_sinc64_cub	p100	t10k	-135.2	-0.00002	-0.00002	-1.69878	0.00e0	-31.99219	1.37e-5	-
rb5_sinc64_cub	p100	t20k	-124.1	-14.90732	-14.90732	0.78751	0.00e0	-31.99219	1.37e-5	-
rb5_sinc64_cub	p100	multi	-137.8	-14.94466	-0.00002	15.14073	4.34e1	-31.99219	1.37e-5	-
rb5_sinc64_cub	p100	t22k	-90.0	-50.52268	-50.52268	-0.73360	0.00e0	-31.99219	1.37e-5	-
rb5_sinc64_cub	m100	t1k	-139.2	-0.00002	-0.00002	-16.15225	0.00e0	-31.99219	1.40e-5	-
rb5_sinc64_cub	m100	t10k	-135.2	-0.00002	-0.00002	-1.69878	0.00e0	-31.99219	1.40e-5	-
rb5_sinc64_cub	m100	t20k	-124.1	-14.90732	-14.90732	0.78751	0.00e0	-31.99219	1.40e-5	-
rb5_sinc64_cub	m100	multi	-137.7	-14.94466	-0.00002	15.14073	4.34e1	-31.99219	1.40e-5	-
rb5_sinc64_cub	m100	t22k	-90.0	-50.52268	-50.52268	-0.73360	0.00e0	-31.99219	1.40e-5	-
rb5_sinc64_cub	p500	t1k	-139.0	-0.00002	-0.00002	-16.15225	0.00e0	-31.99219	1.47e-5	-
rb5_sinc64_cub	p500	t10k	-134.2	-0.00002	-0.00002	-1.69878	0.00e0	-31.99219	1.47e-5	-
rb5_sinc64_cub	p500	t20k	-123.8	-14.90732	-14.90732	0.78751	0.00e0	-31.99219	1.47e-5	-
rb5_sinc64_cub	p500	multi	-137.2	-14.94466	-0.00002	15.14073	4.34e1	-31.99219	1.47e-5	-
rb5_sinc64_cub	p500	t22k	-90.0	-50.52268	-50.52268	-0.73360	0.00e0	-31.99219	1.47e-5	-
rb5_sinc64_cub	m500	t1k	-139.2	-0.00002	-0.00002	-16.15225	0.00e0	-31.99219	1.49e-5	-
rb5_sinc64_cub	m500	t10k	-134.2	-0.00002	-0.00002	-1.69878	0.00e0	-31.99219	1.49e-5	-
rb5_sinc64_cub	m500	t20k	-123.8	-14.90732	-14.90732	0.78751	0.00e0	-31.99219	1.49e-5	-
rb5_sinc64_cub	m500	multi	-137.3	-14.94466	-0.00002	15.14073	4.34e1	-31.99219	1.49e-5	-
rb5_sinc64_cub	m500	t22k	-90.0	-50.52268	-50.52268	-0.73360	0.00e0	-31.99219	1.49e-5	-
rb5_sinc64_cub	p2000	t1k	-139.2	-0.00002	-0.00002	-16.15225	0.00e0	-31.99219	1.25e-5	-
rb5_sinc64_cub	p2000	t10k	-132.7	-0.00002	-0.00002	-1.69878	0.00e0	-31.99219	1.25e-5	-
rb5_sinc64_cub	p2000	t20k	-123.2	-14.90732	-14.90732	0.78751	0.00e0	-31.99219	1.25e-5	-
rb5_sinc64_cub	p2000	multi	-136.6	-14.94466	-0.00002	15.14073	4.34e1	-31.99219	1.25e-5	-
rb5_sinc64_cub	p2000	t22k	-90.0	-50.52268	-50.52268	-0.73360	0.00e0	-31.99219	1.25e-5	-
rb5_sinc64_cub	m2000	t1k	-139.1	-0.00002	-0.00002	-16.15225	0.00e0	-31.99219	1.29e-5	-
rb5_sinc64_cub	m2000	t10k	-132.7	-0.00002	-0.00002	-1.69878	0.00e0	-31.99219	1.29e-5	-
rb5_sinc64_cub	m2000	t20k	-123.1	-14.90732	-14.90732	0.78751	0.00e0	-31.99219	1.29e-5	-
rb5_sinc64_cub	m2000	multi	-136.5	-14.94466	-0.00002	15.14073	4.34e1	-31.99219	1.29e-5	-
rb5_sinc64_cub	m2000	t22k	-89.9	-50.52268	-50.52268	-0.73360	0.00e0	-31.99219	1.29e-5	-
rb5_sinc64_cub	mod	t1k	-139.3	-0.00002	-0.00002	-16.15225	0.00e0	-31.99219	1.43e-5	-
rb5_sinc64_cub	mod	t10k	-139.3	-0.00002	-0.00002	-1.69878	0.00e0	-31.99219	1.43e-5	-
rb5_sinc64_cub	mod	t20k	-125.0	-14.90732	-14.90732	0.78751	0.00e0	-31.99219	1.43e-5	-
rb5_sinc64_cub	mod	multi	-139.0	-14.94466	-0.00002	15.14073	4.34e1	-31.99219	1.43e-5	-
rb5_sinc64_cub	mod	t22k	-90.0	-50.52267	-50.52267	-0.73360	0.00e0	-31.99219	1.43e-5	-
rb5_sinc64_cub	r1	t1k	-144.2	-0.00002	-0.00002	-16.15225	0.00e0	-31.99219	1.39e-5	-
rb5_sinc64_cub	r1	t20k	-130.4	-14.90732	-14.90732	0.78751	0.00e0	-31.99219	1.39e-5	-
rb5_sinc64_cub	r1	multi	-143.9	-14.94465	-0.00002	15.14073	4.34e1	-31.99219	1.39e-5	-
rb5_sinc64_cub	varN	t1k	-139.4	-0.00002	-0.00002	-16.15225	0.00e0	-31.99219	1.33e-5	-
rb5_sinc64_cub	varN	t20k	-125.1	-14.90732	-14.90732	0.78751	0.00e0	-31.99219	1.33e-5	-
rb5_sinc64_cub	varN	multi	-139.1	-14.94466	-0.00002	15.14073	4.34e1	-31.99219	1.33e-5	-
rb5_poly_septic	p100	t1k	-144.5	+0.00000	+0.00000	4.00000	0.00e0	-4.00000	1.12e-5	-
rb5_poly_septic	p100	t10k	-53.6	-0.03281	-0.03281	-0.81300	0.00e0	-4.00000	1.12e-5	-
rb5_poly_septic	p100	t20k	-11.3	-2.70834	-2.70834	-0.80076	0.00e0	-4.00000	1.12e-5	-
rb5_poly_septic	p100	multi	-28.5	-2.71076	+0.00002	3.03130	6.62e0	-4.00000	1.12e-5	-
rb5_poly_septic	p100	t22k	-5.5	-4.45372	-4.45372	-0.36351	0.00e0	-4.00000	1.12e-5	-
rb5_poly_septic	m100	t1k	-144.5	+0.00000	+0.00000	4.00000	0.00e0	-4.00000	1.09e-5	-
rb5_poly_septic	m100	t10k	-53.6	-0.03281	-0.03281	-0.81299	0.00e0	-4.00000	1.09e-5	-
rb5_poly_septic	m100	t20k	-11.3	-2.70833	-2.70833	-0.80068	0.00e0	-4.00000	1.09e-5	-
rb5_poly_septic	m100	multi	-28.5	-2.71076	+0.00003	3.03129	6.62e0	-4.00000	1.09e-5	-
rb5_poly_septic	m100	t22k	-5.5	-4.45382	-4.45382	-0.36337	0.00e0	-4.00000	1.09e-5	-
rb5_poly_septic	p500	t1k	-144.4	+0.00000	+0.00000	4.00000	0.00e0	-4.00000	1.14e-5	-
rb5_poly_septic	p500	t10k	-53.6	-0.03284	-0.03284	-0.81299	0.00e0	-4.00000	1.14e-5	-
rb5_poly_septic	p500	t20k	-11.3	-2.71163	-2.71163	-0.80070	0.00e0	-4.00000	1.14e-5	-
rb5_poly_septic	p500	multi	-28.5	-2.71406	+0.00002	3.03130	6.62e0	-4.00000	1.14e-5	-
rb5_poly_septic	p500	t22k	-5.5	-4.45982	-4.45982	-0.36340	0.00e0	-4.00000	1.14e-5	-
rb5_poly_septic	m500	t1k	-144.4	+0.00000	+0.00000	4.00000	0.00e0	-4.00000	1.14e-5	-
rb5_poly_septic	m500	t10k	-53.6	-0.03284	-0.03284	-0.81300	0.00e0	-4.00000	1.14e-5	-
rb5_poly_septic	m500	t20k	-11.3	-2.71160	-2.71160	-0.80074	0.00e0	-4.00000	1.14e-5	-
rb5_poly_septic	m500	multi	-28.5	-2.71408	+0.00003	3.03127	6.62e0	-4.00000	1.14e-5	-
rb5_poly_septic	m500	t22k	-5.5	-4.45984	-4.45984	-0.36347	0.00e0	-4.00000	1.14e-5	-
rb5_poly_septic	p2000	t1k	-144.2	+0.00000	+0.00000	4.00000	0.00e0	-4.00000	1.03e-5	-
rb5_poly_septic	p2000	t10k	-53.6	-0.03283	-0.03283	-0.81299	0.00e0	-4.00000	1.03e-5	-
rb5_poly_septic	p2000	t20k	-11.3	-2.71052	-2.71052	-0.80067	0.00e0	-4.00000	1.03e-5	-
rb5_poly_septic	p2000	multi	-28.5	-2.71294	+0.00002	3.03127	6.62e0	-4.00000	1.03e-5	-
rb5_poly_septic	p2000	t22k	-5.5	-4.45780	-4.45780	-0.36334	0.00e0	-4.00000	1.03e-5	-
rb5_poly_septic	m2000	t1k	-144.3	+0.00000	+0.00000	4.00000	0.00e0	-4.00000	1.09e-5	-
rb5_poly_septic	m2000	t10k	-53.6	-0.03283	-0.03283	-0.81300	0.00e0	-4.00000	1.09e-5	-
rb5_poly_septic	m2000	t20k	-11.3	-2.71049	-2.71049	-0.80077	0.00e0	-4.00000	1.09e-5	-
rb5_poly_septic	m2000	multi	-28.5	-2.71296	+0.00001	3.03128	6.62e0	-4.00000	1.09e-5	-
rb5_poly_septic	m2000	t22k	-5.5	-4.45775	-4.45775	-0.36353	0.00e0	-4.00000	1.09e-5	-
rb5_poly_septic	mod	t1k	-144.9	+0.00000	+0.00000	4.00000	0.00e0	-4.00000	1.12e-5	-
rb5_poly_septic	mod	t10k	-53.6	-0.03406	-0.03406	-0.81296	0.00e0	-4.00000	1.12e-5	-
rb5_poly_septic	mod	t20k	-11.2	-2.85577	-2.85577	-0.79748	0.00e0	-4.00000	1.12e-5	-
rb5_poly_septic	mod	multi	-28.5	-2.85837	+0.00002	3.03143	6.62e0	-4.00000	1.12e-5	-
rb5_poly_septic	mod	t22k	-5.3	-4.73723	-4.73723	-0.35743	0.00e0	-4.00000	1.12e-5	-
rb5_poly_septic	r1	t1k	-147.9	+0.00000	+0.00000	4.00000	0.00e0	-4.00000	4.64e-6	-
rb5_poly_septic	r1	t20k	-147.9	+0.00000	+0.00000	-0.80072	0.00e0	-4.00000	4.64e-6	-
rb5_poly_septic	r1	multi	-148.3	+0.00000	+0.00000	3.03129	6.62e0	-4.00000	4.64e-6	-
rb5_poly_septic	varN	t1k	-144.9	+0.00000	+0.00000	4.00000	0.00e0	-4.00000	1.16e-5	-
rb5_poly_septic	varN	t20k	-11.2	-2.81251	-2.81251	-0.79614	0.00e0	-4.00000	1.16e-5	-
rb5_poly_septic	varN	multi	-28.5	-2.81507	+0.00002	3.03150	6.62e0	-4.00000	1.16e-5	-
rb5_poly_cubic	p100	t1k	-113.7	-0.00004	-0.00004	2.00000	0.00e0	-2.00000	8.48e-6	-
rb5_poly_cubic	p100	t10k	-33.7	-0.33147	-0.33147	2.00000	0.00e0	-2.00000	8.48e-6	-
rb5_poly_cubic	p100	t20k	-8.0	-3.93799	-3.93799	-0.40041	0.00e0	-2.00000	8.48e-6	-
rb5_poly_cubic	p100	multi	-25.7	-3.94019	+0.00001	1.70242	3.51e0	-2.00000	8.48e-6	-
rb5_poly_cubic	p100	t22k	-3.9	-5.42319	-5.42319	-0.18180	0.00e0	-2.00000	8.48e-6	-
rb5_poly_cubic	m100	t1k	-113.7	-0.00004	-0.00004	2.00000	0.00e0	-2.00000	8.48e-6	-
rb5_poly_cubic	m100	t10k	-33.7	-0.33147	-0.33147	2.00000	0.00e0	-2.00000	8.48e-6	-
rb5_poly_cubic	m100	t20k	-8.0	-3.93801	-3.93801	-0.40031	0.00e0	-2.00000	8.48e-6	-
rb5_poly_cubic	m100	multi	-25.7	-3.94023	+0.00001	1.70243	3.51e0	-2.00000	8.48e-6	-
rb5_poly_cubic	m100	t22k	-3.9	-5.42320	-5.42320	-0.18164	0.00e0	-2.00000	8.48e-6	-
rb5_poly_cubic	p500	t1k	-113.7	-0.00004	-0.00004	2.00000	0.00e0	-2.00000	8.20e-6	-
rb5_poly_cubic	p500	t10k	-33.7	-0.33177	-0.33177	2.00000	0.00e0	-2.00000	8.20e-6	-
rb5_poly_cubic	p500	t20k	-8.0	-3.94282	-3.94282	-0.40033	0.00e0	-2.00000	8.20e-6	-
rb5_poly_cubic	p500	multi	-25.7	-3.94511	+0.00000	1.70243	3.51e0	-2.00000	8.20e-6	-
rb5_poly_cubic	p500	t22k	-3.9	-5.43064	-5.43064	-0.18168	0.00e0	-2.00000	8.20e-6	-
rb5_poly_cubic	m500	t1k	-113.7	-0.00004	-0.00004	2.00000	0.00e0	-2.00000	8.37e-6	-
rb5_poly_cubic	m500	t10k	-33.7	-0.33177	-0.33177	2.00000	0.00e0	-2.00000	8.37e-6	-
rb5_poly_cubic	m500	t20k	-8.0	-3.94285	-3.94285	-0.40039	0.00e0	-2.00000	8.37e-6	-
rb5_poly_cubic	m500	multi	-25.7	-3.94505	+0.00002	1.70244	3.51e0	-2.00000	8.37e-6	-
rb5_poly_cubic	m500	t22k	-3.9	-5.43080	-5.43080	-0.18176	0.00e0	-2.00000	8.37e-6	-
rb5_poly_cubic	p2000	t1k	-113.7	-0.00004	-0.00004	2.00000	0.00e0	-2.00000	8.47e-6	-
rb5_poly_cubic	p2000	t10k	-33.7	-0.33165	-0.33165	2.00001	0.00e0	-2.00000	8.47e-6	-
rb5_poly_cubic	p2000	t20k	-8.0	-3.94106	-3.94106	-0.40028	0.00e0	-2.00000	8.47e-6	-
rb5_poly_cubic	p2000	multi	-25.7	-3.94338	+0.00003	1.70243	3.51e0	-2.00000	8.47e-6	-
rb5_poly_cubic	p2000	t22k	-3.9	-5.42813	-5.42813	-0.18161	0.00e0	-2.00000	8.47e-6	-
rb5_poly_cubic	m2000	t1k	-113.7	-0.00004	-0.00004	2.00000	0.00e0	-2.00000	8.38e-6	-
rb5_poly_cubic	m2000	t10k	-33.7	-0.33165	-0.33165	1.99999	0.00e0	-2.00000	8.38e-6	-
rb5_poly_cubic	m2000	t20k	-8.0	-3.94108	-3.94108	-0.40044	0.00e0	-2.00000	8.38e-6	-
rb5_poly_cubic	m2000	multi	-25.7	-3.94328	+0.00001	1.70240	3.51e0	-2.00000	8.38e-6	-
rb5_poly_cubic	m2000	t22k	-3.9	-5.42800	-5.42800	-0.18183	0.00e0	-2.00000	8.38e-6	-
rb5_poly_cubic	mod	t1k	-113.8	-0.00004	-0.00004	2.00000	0.00e0	-2.00000	8.16e-6	-
rb5_poly_cubic	mod	t10k	-33.7	-0.34389	-0.34389	2.00030	0.00e0	-2.00000	8.16e-6	-
rb5_poly_cubic	mod	t20k	-7.8	-4.15598	-4.15598	-0.39577	0.00e0	-2.00000	8.16e-6	-
rb5_poly_cubic	mod	multi	-25.7	-4.15835	+0.00002	1.70267	3.51e0	-2.00000	8.16e-6	-
rb5_poly_cubic	mod	t22k	-3.6	-5.76769	-5.76769	-0.17470	0.00e0	-2.00000	8.16e-6	-
rb5_poly_cubic	r1	t1k	-153.0	-0.00000	-0.00000	2.00000	0.00e0	-2.00000	2.88e-6	-
rb5_poly_cubic	r1	t20k	-153.0	-0.00000	-0.00000	-0.40036	0.00e0	-2.00000	2.88e-6	-
rb5_poly_cubic	r1	multi	-151.9	-0.00000	+0.00000	1.70242	3.51e0	-2.00000	2.88e-6	-
rb5_poly_cubic	varN	t1k	-113.7	-0.00004	-0.00004	2.00000	0.00e0	-2.00000	8.34e-6	-
rb5_poly_cubic	varN	t20k	-7.8	-4.09038	-4.09038	-0.39388	0.00e0	-2.00000	8.34e-6	-
rb5_poly_cubic	varN	multi	-25.7	-4.09274	+0.00003	1.70280	3.51e0	-2.00000	8.34e-6	-
